{
  "name": "Picker",
  "version": "3.1.0",
  "description": "A jQuery plugin for replacing default checkboxes and radios. Part of the formstone library.",
  "author": {
    "name": "Ben Plum",
    "email": "mr@benplum.com",
    "url": "http://www.benplum.com"
  },
  "license": "MIT",
  "homepage": "http://formstone.it/picker/",
  "main": [
    "jquery.fs.picker.js",
    "jquery.fs.picker.css"
  ],
  "ignore": [
    "*.jquery.json",
    "Gruntfile.js",
    "src/"
  ],
  "_release": "3.1.0",
  "_resolution": {
    "type": "version",
    "tag": "3.1.0",
    "commit": "06b86d17cc460fc10d2ce45e92cc0d5fbe2bb72a"
  },
  "_source": "git://github.com/benplum/Picker.git",
  "_target": "~3.1.0",
  "_originalSource": "Picker",
  "_direct": true
}