{
  "name": "unslider",
  "version": "1.0.0",
  "main": "src/unslider.min.js",
  "license": "MIT",
  "dependencies": {
    "jquery": "latest"
  },
  "ignore": [
    "site/",
    "readme.md",
    ".gitignore"
  ],
  "homepage": "https://github.com/idiot/unslider",
  "_release": "1.0.0",
  "_resolution": {
    "type": "version",
    "tag": "1.0.0",
    "commit": "832e7917a8b341fc720dc55241f8c681cefafff7"
  },
  "_source": "git://github.com/idiot/unslider.git",
  "_target": "~1.0.0",
  "_originalSource": "unslider",
  "_direct": true
}