{
  "name": "clndr",
  "version": "1.2.3",
  "main": "clndr.min.js",
  "homepage": "http://kylestetz.github.io/CLNDR/",
  "keywords": [
    "clndr",
    "calendar",
    "clndrjs",
    "templating"
  ],
  "ignore": [
    "**/.*",
    "node_modules",
    "bower_components",
    "test",
    "tests"
  ],
  "dependencies": {
    "jquery": ">=1.9",
    "moment": ">=2.8.3"
  },
  "_release": "1.2.3",
  "_resolution": {
    "type": "version",
    "tag": "1.2.3",
    "commit": "a6c3a10fa5f76aa0463dfb1da6b72ea42d32706f"
  },
  "_source": "git://github.com/kylestetz/CLNDR.git",
  "_target": "~1.2.3",
  "_originalSource": "clndr",
  "_direct": true
}